{
    "I_lunaire": 0.0003180577063923461,
    "I_service": 0.0006396436845962098,
    "J_lunaire": 0.0006361154127846922,
    "J_service": 0.0012792873691924195,
    "Aire_dune_section_l": 0.003837298346727206,
    "Aire_dune_section_s": 0.007688733860395623,
    "section_rectangulaire_centre": 0.0024384,
    "Aire_disque_interne": 0.5188684585958376,
    "Q": 4.8947999999999815e-06
}